1,1,0.01639344262295082,Agent10@0,(Offer  bid:Bid[Food: Chips and Nuts, Drinks: Handmade Cocktails, Location: Party Room, Invitations: Custom, Handmade, Music: DJ, Cleanup: Specialized Materials])
1,2,0.01639344262295082,BoulwareNegotiationParty@1,(Offer  bid:Bid[Food: Handmade Food, Drinks: Handmade Cocktails, Location: Your Dorm, Invitations: Plain, Music: MP3, Cleanup: Water and Soap])
1,3,0.01639344262295082,ConcederNegotiationParty@2,(Offer  bid:Bid[Food: Chips and Nuts, Drinks: Non-Alcoholic, Location: Party Tent, Invitations: Plain, Music: Band, Cleanup: Hired Help])
2,1,0.03278688524590164,Agent10@0,(Offer  bid:Bid[Food: Chips and Nuts, Drinks: Beer Only, Location: Party Room, Invitations: Custom, Handmade, Music: DJ, Cleanup: Specialized Materials])
2,2,0.03278688524590164,BoulwareNegotiationParty@1,(Offer  bid:Bid[Food: Handmade Food, Drinks: Handmade Cocktails, Location: Your Dorm, Invitations: Plain, Music: MP3, Cleanup: Water and Soap])
2,3,0.03278688524590164,ConcederNegotiationParty@2,(Offer  bid:Bid[Food: Chips and Nuts, Drinks: Non-Alcoholic, Location: Party Tent, Invitations: Custom, Printed, Music: Band, Cleanup: Special Equiment])
3,1,0.04918032786885246,Agent10@0,(Offer  bid:Bid[Food: Chips and Nuts, Drinks: Beer Only, Location: Party Room, Invitations: Custom, Printed, Music: DJ, Cleanup: Water and Soap])
3,2,0.04918032786885246,BoulwareNegotiationParty@1,(Offer  bid:Bid[Food: Handmade Food, Drinks: Handmade Cocktails, Location: Your Dorm, Invitations: Plain, Music: MP3, Cleanup: Water and Soap])
3,3,0.04918032786885246,ConcederNegotiationParty@2,(Offer  bid:Bid[Food: Chips and Nuts, Drinks: Handmade Cocktails, Location: Party Tent, Invitations: Plain, Music: Band, Cleanup: Water and Soap])
4,1,0.06557377049180328,Agent10@0,(Offer  bid:Bid[Food: Chips and Nuts, Drinks: Handmade Cocktails, Location: Party Room, Invitations: Custom, Printed, Music: MP3, Cleanup: Water and Soap])
4,2,0.06557377049180328,BoulwareNegotiationParty@1,(Offer  bid:Bid[Food: Handmade Food, Drinks: Handmade Cocktails, Location: Your Dorm, Invitations: Plain, Music: MP3, Cleanup: Water and Soap])
4,3,0.06557377049180328,ConcederNegotiationParty@2,(Offer  bid:Bid[Food: Finger-Food, Drinks: Non-Alcoholic, Location: Your Dorm, Invitations: Plain, Music: MP3, Cleanup: Special Equiment])
5,1,0.08196721311475409,Agent10@0,(Offer  bid:Bid[Food: Chips and Nuts, Drinks: Handmade Cocktails, Location: Party Room, Invitations: Custom, Printed, Music: MP3, Cleanup: Water and Soap])
5,2,0.08196721311475409,BoulwareNegotiationParty@1,(Offer  bid:Bid[Food: Handmade Food, Drinks: Handmade Cocktails, Location: Your Dorm, Invitations: Plain, Music: MP3, Cleanup: Water and Soap])
5,3,0.08196721311475409,ConcederNegotiationParty@2,(Offer  bid:Bid[Food: Catering, Drinks: Non-Alcoholic, Location: Party Tent, Invitations: Plain, Music: MP3, Cleanup: Special Equiment])
6,1,0.09836065573770492,Agent10@0,(Offer  bid:Bid[Food: Chips and Nuts, Drinks: Beer Only, Location: Party Room, Invitations: Custom, Printed, Music: MP3, Cleanup: Specialized Materials])
6,2,0.09836065573770492,BoulwareNegotiationParty@1,(Offer  bid:Bid[Food: Handmade Food, Drinks: Handmade Cocktails, Location: Your Dorm, Invitations: Plain, Music: MP3, Cleanup: Water and Soap])
6,3,0.09836065573770492,ConcederNegotiationParty@2,(Offer  bid:Bid[Food: Chips and Nuts, Drinks: Non-Alcoholic, Location: Ballroom, Invitations: Custom, Printed, Music: MP3, Cleanup: Special Equiment])
7,1,0.11475409836065574,Agent10@0,(Offer  bid:Bid[Food: Chips and Nuts, Drinks: Handmade Cocktails, Location: Party Room, Invitations: Custom, Printed, Music: DJ, Cleanup: Specialized Materials])
7,2,0.11475409836065574,BoulwareNegotiationParty@1,(Offer  bid:Bid[Food: Handmade Food, Drinks: Handmade Cocktails, Location: Your Dorm, Invitations: Plain, Music: MP3, Cleanup: Water and Soap])
7,3,0.11475409836065574,ConcederNegotiationParty@2,(Offer  bid:Bid[Food: Finger-Food, Drinks: Handmade Cocktails, Location: Your Dorm, Invitations: Plain, Music: Band, Cleanup: Water and Soap])
8,1,0.13114754098360656,Agent10@0,(Offer  bid:Bid[Food: Chips and Nuts, Drinks: Handmade Cocktails, Location: Party Room, Invitations: Custom, Printed, Music: DJ, Cleanup: Hired Help])
8,2,0.13114754098360656,BoulwareNegotiationParty@1,(Offer  bid:Bid[Food: Handmade Food, Drinks: Handmade Cocktails, Location: Your Dorm, Invitations: Plain, Music: MP3, Cleanup: Water and Soap])
8,3,0.13114754098360656,ConcederNegotiationParty@2,(Offer  bid:Bid[Food: Finger-Food, Drinks: Non-Alcoholic, Location: Ballroom, Invitations: Plain, Music: MP3, Cleanup: Specialized Materials])
9,1,0.14754098360655737,Agent10@0,(Offer  bid:Bid[Food: Chips and Nuts, Drinks: Handmade Cocktails, Location: Party Room, Invitations: Custom, Handmade, Music: DJ, Cleanup: Water and Soap])
9,2,0.14754098360655737,BoulwareNegotiationParty@1,(Offer  bid:Bid[Food: Handmade Food, Drinks: Handmade Cocktails, Location: Your Dorm, Invitations: Plain, Music: MP3, Cleanup: Water and Soap])
9,3,0.14754098360655737,ConcederNegotiationParty@2,(Offer  bid:Bid[Food: Finger-Food, Drinks: Catering, Location: Party Tent, Invitations: Custom, Printed, Music: Band, Cleanup: Water and Soap])
10,1,0.16393442622950818,Agent10@0,(Offer  bid:Bid[Food: Finger-Food, Drinks: Handmade Cocktails, Location: Party Room, Invitations: Custom, Printed, Music: DJ, Cleanup: Specialized Materials])
10,2,0.16393442622950818,BoulwareNegotiationParty@1,(Offer  bid:Bid[Food: Handmade Food, Drinks: Handmade Cocktails, Location: Your Dorm, Invitations: Plain, Music: MP3, Cleanup: Water and Soap])
10,3,0.16393442622950818,ConcederNegotiationParty@2,(Offer  bid:Bid[Food: Finger-Food, Drinks: Handmade Cocktails, Location: Party Room, Invitations: Plain, Music: Band, Cleanup: Special Equiment])
11,1,0.18032786885245902,Agent10@0,(Offer  bid:Bid[Food: Chips and Nuts, Drinks: Handmade Cocktails, Location: Party Room, Invitations: Custom, Handmade, Music: DJ, Cleanup: Water and Soap])
11,2,0.18032786885245902,BoulwareNegotiationParty@1,(Offer  bid:Bid[Food: Handmade Food, Drinks: Handmade Cocktails, Location: Your Dorm, Invitations: Plain, Music: MP3, Cleanup: Water and Soap])
11,3,0.18032786885245902,ConcederNegotiationParty@2,(Offer  bid:Bid[Food: Chips and Nuts, Drinks: Handmade Cocktails, Location: Your Dorm, Invitations: Custom, Handmade, Music: Band, Cleanup: Special Equiment])
12,1,0.19672131147540983,Agent10@0,(Offer  bid:Bid[Food: Chips and Nuts, Drinks: Handmade Cocktails, Location: Party Room, Invitations: Custom, Printed, Music: DJ, Cleanup: Water and Soap])
12,2,0.19672131147540983,BoulwareNegotiationParty@1,(Offer  bid:Bid[Food: Handmade Food, Drinks: Handmade Cocktails, Location: Your Dorm, Invitations: Plain, Music: MP3, Cleanup: Water and Soap])
12,3,0.19672131147540983,ConcederNegotiationParty@2,(Offer  bid:Bid[Food: Finger-Food, Drinks: Catering, Location: Party Tent, Invitations: Custom, Printed, Music: MP3, Cleanup: Water and Soap])
13,1,0.21311475409836064,Agent10@0,(Offer  bid:Bid[Food: Chips and Nuts, Drinks: Handmade Cocktails, Location: Ballroom, Invitations: Custom, Printed, Music: DJ, Cleanup: Specialized Materials])
13,2,0.21311475409836064,BoulwareNegotiationParty@1,(Offer  bid:Bid[Food: Handmade Food, Drinks: Handmade Cocktails, Location: Your Dorm, Invitations: Plain, Music: MP3, Cleanup: Water and Soap])
13,3,0.21311475409836064,ConcederNegotiationParty@2,(Offer  bid:Bid[Food: Catering, Drinks: Non-Alcoholic, Location: Your Dorm, Invitations: Plain, Music: DJ, Cleanup: Hired Help])
14,1,0.22950819672131148,Agent10@0,(Offer  bid:Bid[Food: Chips and Nuts, Drinks: Handmade Cocktails, Location: Party Room, Invitations: Custom, Printed, Music: MP3, Cleanup: Water and Soap])
14,2,0.22950819672131148,BoulwareNegotiationParty@1,(Offer  bid:Bid[Food: Handmade Food, Drinks: Handmade Cocktails, Location: Your Dorm, Invitations: Plain, Music: MP3, Cleanup: Water and Soap])
14,3,0.22950819672131148,ConcederNegotiationParty@2,(Offer  bid:Bid[Food: Catering, Drinks: Non-Alcoholic, Location: Party Tent, Invitations: Custom, Handmade, Music: Band, Cleanup: Specialized Materials])
15,1,0.2459016393442623,Agent10@0,(Offer  bid:Bid[Food: Finger-Food, Drinks: Handmade Cocktails, Location: Party Room, Invitations: Custom, Printed, Music: DJ, Cleanup: Specialized Materials])
15,2,0.2459016393442623,BoulwareNegotiationParty@1,(Offer  bid:Bid[Food: Handmade Food, Drinks: Handmade Cocktails, Location: Your Dorm, Invitations: Plain, Music: MP3, Cleanup: Water and Soap])
15,3,0.2459016393442623,ConcederNegotiationParty@2,(Offer  bid:Bid[Food: Chips and Nuts, Drinks: Non-Alcoholic, Location: Ballroom, Invitations: Photo, Music: DJ, Cleanup: Water and Soap])
16,1,0.26229508196721313,Agent10@0,(Offer  bid:Bid[Food: Chips and Nuts, Drinks: Beer Only, Location: Party Room, Invitations: Custom, Printed, Music: DJ, Cleanup: Specialized Materials])
16,2,0.26229508196721313,BoulwareNegotiationParty@1,(Offer  bid:Bid[Food: Handmade Food, Drinks: Handmade Cocktails, Location: Your Dorm, Invitations: Plain, Music: MP3, Cleanup: Water and Soap])
16,3,0.26229508196721313,ConcederNegotiationParty@2,(Accept  bid:Bid[Food: Handmade Food, Drinks: Handmade Cocktails, Location: Your Dorm, Invitations: Plain, Music: MP3, Cleanup: Water and Soap])
17,1,0.2786885245901639,Agent10@0,(Offer  bid:Bid[Food: Chips and Nuts, Drinks: Beer Only, Location: Party Room, Invitations: Custom, Printed, Music: DJ, Cleanup: Water and Soap])
17,2,0.2786885245901639,BoulwareNegotiationParty@1,(Offer  bid:Bid[Food: Handmade Food, Drinks: Handmade Cocktails, Location: Your Dorm, Invitations: Plain, Music: MP3, Cleanup: Water and Soap])
17,3,0.2786885245901639,ConcederNegotiationParty@2,(Accept  bid:Bid[Food: Handmade Food, Drinks: Handmade Cocktails, Location: Your Dorm, Invitations: Plain, Music: MP3, Cleanup: Water and Soap])
18,1,0.29508196721311475,Agent10@0,(Offer  bid:Bid[Food: Chips and Nuts, Drinks: Handmade Cocktails, Location: Party Room, Invitations: Custom, Printed, Music: DJ, Cleanup: Specialized Materials])
18,2,0.29508196721311475,BoulwareNegotiationParty@1,(Offer  bid:Bid[Food: Handmade Food, Drinks: Handmade Cocktails, Location: Your Dorm, Invitations: Plain, Music: MP3, Cleanup: Water and Soap])
18,3,0.29508196721311475,ConcederNegotiationParty@2,(Accept  bid:Bid[Food: Handmade Food, Drinks: Handmade Cocktails, Location: Your Dorm, Invitations: Plain, Music: MP3, Cleanup: Water and Soap])
19,1,0.3114754098360656,Agent10@0,(Offer  bid:Bid[Food: Chips and Nuts, Drinks: Handmade Cocktails, Location: Party Room, Invitations: Custom, Printed, Music: DJ, Cleanup: Hired Help])
19,2,0.3114754098360656,BoulwareNegotiationParty@1,(Offer  bid:Bid[Food: Handmade Food, Drinks: Handmade Cocktails, Location: Your Dorm, Invitations: Plain, Music: MP3, Cleanup: Water and Soap])
19,3,0.3114754098360656,ConcederNegotiationParty@2,(Accept  bid:Bid[Food: Handmade Food, Drinks: Handmade Cocktails, Location: Your Dorm, Invitations: Plain, Music: MP3, Cleanup: Water and Soap])
20,1,0.32786885245901637,Agent10@0,(Offer  bid:Bid[Food: Chips and Nuts, Drinks: Handmade Cocktails, Location: Party Room, Invitations: Custom, Printed, Music: DJ, Cleanup: Hired Help])
20,2,0.32786885245901637,BoulwareNegotiationParty@1,(Offer  bid:Bid[Food: Handmade Food, Drinks: Handmade Cocktails, Location: Your Dorm, Invitations: Plain, Music: MP3, Cleanup: Water and Soap])
20,3,0.32786885245901637,ConcederNegotiationParty@2,(Accept  bid:Bid[Food: Handmade Food, Drinks: Handmade Cocktails, Location: Your Dorm, Invitations: Plain, Music: MP3, Cleanup: Water and Soap])
21,1,0.3442622950819672,Agent10@0,(Offer  bid:Bid[Food: Chips and Nuts, Drinks: Handmade Cocktails, Location: Party Room, Invitations: Custom, Handmade, Music: DJ, Cleanup: Specialized Materials])
21,2,0.3442622950819672,BoulwareNegotiationParty@1,(Offer  bid:Bid[Food: Handmade Food, Drinks: Handmade Cocktails, Location: Your Dorm, Invitations: Plain, Music: MP3, Cleanup: Water and Soap])
21,3,0.3442622950819672,ConcederNegotiationParty@2,(Accept  bid:Bid[Food: Handmade Food, Drinks: Handmade Cocktails, Location: Your Dorm, Invitations: Plain, Music: MP3, Cleanup: Water and Soap])
22,1,0.36065573770491804,Agent10@0,(Offer  bid:Bid[Food: Chips and Nuts, Drinks: Handmade Cocktails, Location: Ballroom, Invitations: Custom, Printed, Music: DJ, Cleanup: Specialized Materials])
22,2,0.36065573770491804,BoulwareNegotiationParty@1,(Offer  bid:Bid[Food: Handmade Food, Drinks: Handmade Cocktails, Location: Your Dorm, Invitations: Plain, Music: MP3, Cleanup: Water and Soap])
22,3,0.36065573770491804,ConcederNegotiationParty@2,(Accept  bid:Bid[Food: Handmade Food, Drinks: Handmade Cocktails, Location: Your Dorm, Invitations: Plain, Music: MP3, Cleanup: Water and Soap])
23,1,0.3770491803278688,Agent10@0,(Offer  bid:Bid[Food: Chips and Nuts, Drinks: Handmade Cocktails, Location: Party Room, Invitations: Custom, Printed, Music: DJ, Cleanup: Specialized Materials])
23,2,0.3770491803278688,BoulwareNegotiationParty@1,(Offer  bid:Bid[Food: Handmade Food, Drinks: Handmade Cocktails, Location: Your Dorm, Invitations: Plain, Music: MP3, Cleanup: Water and Soap])
23,3,0.3770491803278688,ConcederNegotiationParty@2,(Accept  bid:Bid[Food: Handmade Food, Drinks: Handmade Cocktails, Location: Your Dorm, Invitations: Plain, Music: MP3, Cleanup: Water and Soap])
24,1,0.39344262295081966,Agent10@0,(Offer  bid:Bid[Food: Chips and Nuts, Drinks: Beer Only, Location: Party Room, Invitations: Custom, Printed, Music: DJ, Cleanup: Specialized Materials])
24,2,0.39344262295081966,BoulwareNegotiationParty@1,(Offer  bid:Bid[Food: Handmade Food, Drinks: Handmade Cocktails, Location: Your Dorm, Invitations: Plain, Music: MP3, Cleanup: Water and Soap])
24,3,0.39344262295081966,ConcederNegotiationParty@2,(Accept  bid:Bid[Food: Handmade Food, Drinks: Handmade Cocktails, Location: Your Dorm, Invitations: Plain, Music: MP3, Cleanup: Water and Soap])
25,1,0.4098360655737705,Agent10@0,(Offer  bid:Bid[Food: Chips and Nuts, Drinks: Beer Only, Location: Party Room, Invitations: Custom, Printed, Music: MP3, Cleanup: Specialized Materials])
25,2,0.4098360655737705,BoulwareNegotiationParty@1,(Offer  bid:Bid[Food: Handmade Food, Drinks: Handmade Cocktails, Location: Your Dorm, Invitations: Plain, Music: MP3, Cleanup: Water and Soap])
25,3,0.4098360655737705,ConcederNegotiationParty@2,(Accept  bid:Bid[Food: Handmade Food, Drinks: Handmade Cocktails, Location: Your Dorm, Invitations: Plain, Music: MP3, Cleanup: Water and Soap])
26,1,0.4262295081967213,Agent10@0,(Offer  bid:Bid[Food: Chips and Nuts, Drinks: Handmade Cocktails, Location: Party Room, Invitations: Custom, Handmade, Music: DJ, Cleanup: Specialized Materials])
26,2,0.4262295081967213,BoulwareNegotiationParty@1,(Offer  bid:Bid[Food: Handmade Food, Drinks: Handmade Cocktails, Location: Your Dorm, Invitations: Plain, Music: MP3, Cleanup: Water and Soap])
26,3,0.4262295081967213,ConcederNegotiationParty@2,(Accept  bid:Bid[Food: Handmade Food, Drinks: Handmade Cocktails, Location: Your Dorm, Invitations: Plain, Music: MP3, Cleanup: Water and Soap])
27,1,0.4426229508196721,Agent10@0,(Offer  bid:Bid[Food: Chips and Nuts, Drinks: Handmade Cocktails, Location: Party Room, Invitations: Custom, Handmade, Music: DJ, Cleanup: Water and Soap])
27,2,0.4426229508196721,BoulwareNegotiationParty@1,(Offer  bid:Bid[Food: Handmade Food, Drinks: Handmade Cocktails, Location: Your Dorm, Invitations: Plain, Music: MP3, Cleanup: Water and Soap])
27,3,0.4426229508196721,ConcederNegotiationParty@2,(Accept  bid:Bid[Food: Handmade Food, Drinks: Handmade Cocktails, Location: Your Dorm, Invitations: Plain, Music: MP3, Cleanup: Water and Soap])
28,1,0.45901639344262296,Agent10@0,(Offer  bid:Bid[Food: Chips and Nuts, Drinks: Beer Only, Location: Party Room, Invitations: Custom, Handmade, Music: DJ, Cleanup: Specialized Materials])
28,2,0.45901639344262296,BoulwareNegotiationParty@1,(Offer  bid:Bid[Food: Handmade Food, Drinks: Handmade Cocktails, Location: Your Dorm, Invitations: Plain, Music: MP3, Cleanup: Water and Soap])
28,3,0.45901639344262296,ConcederNegotiationParty@2,(Accept  bid:Bid[Food: Handmade Food, Drinks: Handmade Cocktails, Location: Your Dorm, Invitations: Plain, Music: MP3, Cleanup: Water and Soap])
29,1,0.47540983606557374,Agent10@0,(Offer  bid:Bid[Food: Chips and Nuts, Drinks: Handmade Cocktails, Location: Party Room, Invitations: Custom, Handmade, Music: DJ, Cleanup: Water and Soap])
29,2,0.47540983606557374,BoulwareNegotiationParty@1,(Offer  bid:Bid[Food: Handmade Food, Drinks: Handmade Cocktails, Location: Your Dorm, Invitations: Plain, Music: MP3, Cleanup: Water and Soap])
29,3,0.47540983606557374,ConcederNegotiationParty@2,(Accept  bid:Bid[Food: Handmade Food, Drinks: Handmade Cocktails, Location: Your Dorm, Invitations: Plain, Music: MP3, Cleanup: Water and Soap])
30,1,0.4918032786885246,Agent10@0,(Offer  bid:Bid[Food: Chips and Nuts, Drinks: Handmade Cocktails, Location: Party Room, Invitations: Custom, Handmade, Music: DJ, Cleanup: Water and Soap])
30,2,0.4918032786885246,BoulwareNegotiationParty@1,(Offer  bid:Bid[Food: Handmade Food, Drinks: Handmade Cocktails, Location: Party Room, Invitations: Plain, Music: MP3, Cleanup: Water and Soap])
30,3,0.4918032786885246,ConcederNegotiationParty@2,(Accept  bid:Bid[Food: Handmade Food, Drinks: Handmade Cocktails, Location: Party Room, Invitations: Plain, Music: MP3, Cleanup: Water and Soap])
31,1,0.5081967213114754,Agent10@0,(Offer  bid:Bid[Food: Chips and Nuts, Drinks: Handmade Cocktails, Location: Party Room, Invitations: Custom, Printed, Music: MP3, Cleanup: Water and Soap])
31,2,0.5081967213114754,BoulwareNegotiationParty@1,(Offer  bid:Bid[Food: Handmade Food, Drinks: Handmade Cocktails, Location: Party Room, Invitations: Plain, Music: MP3, Cleanup: Water and Soap])
31,3,0.5081967213114754,ConcederNegotiationParty@2,(Accept  bid:Bid[Food: Handmade Food, Drinks: Handmade Cocktails, Location: Party Room, Invitations: Plain, Music: MP3, Cleanup: Water and Soap])
32,1,0.5245901639344263,Agent10@0,(Offer  bid:Bid[Food: Chips and Nuts, Drinks: Beer Only, Location: Party Room, Invitations: Custom, Handmade, Music: DJ, Cleanup: Specialized Materials])
32,2,0.5245901639344263,BoulwareNegotiationParty@1,(Offer  bid:Bid[Food: Handmade Food, Drinks: Handmade Cocktails, Location: Party Room, Invitations: Plain, Music: MP3, Cleanup: Water and Soap])
32,3,0.5245901639344263,ConcederNegotiationParty@2,(Accept  bid:Bid[Food: Handmade Food, Drinks: Handmade Cocktails, Location: Party Room, Invitations: Plain, Music: MP3, Cleanup: Water and Soap])
33,1,0.5409836065573771,Agent10@0,(Offer  bid:Bid[Food: Chips and Nuts, Drinks: Handmade Cocktails, Location: Party Room, Invitations: Custom, Printed, Music: DJ, Cleanup: Specialized Materials])
33,2,0.5409836065573771,BoulwareNegotiationParty@1,(Offer  bid:Bid[Food: Handmade Food, Drinks: Handmade Cocktails, Location: Party Room, Invitations: Plain, Music: MP3, Cleanup: Water and Soap])
33,3,0.5409836065573771,ConcederNegotiationParty@2,(Accept  bid:Bid[Food: Handmade Food, Drinks: Handmade Cocktails, Location: Party Room, Invitations: Plain, Music: MP3, Cleanup: Water and Soap])
34,1,0.5573770491803278,Agent10@0,(Offer  bid:Bid[Food: Chips and Nuts, Drinks: Handmade Cocktails, Location: Party Room, Invitations: Custom, Printed, Music: DJ, Cleanup: Water and Soap])
34,2,0.5573770491803278,BoulwareNegotiationParty@1,(Offer  bid:Bid[Food: Handmade Food, Drinks: Handmade Cocktails, Location: Party Room, Invitations: Plain, Music: MP3, Cleanup: Water and Soap])
34,3,0.5573770491803278,ConcederNegotiationParty@2,(Accept  bid:Bid[Food: Handmade Food, Drinks: Handmade Cocktails, Location: Party Room, Invitations: Plain, Music: MP3, Cleanup: Water and Soap])
35,1,0.5737704918032787,Agent10@0,(Offer  bid:Bid[Food: Chips and Nuts, Drinks: Handmade Cocktails, Location: Party Room, Invitations: Custom, Printed, Music: DJ, Cleanup: Water and Soap])
35,2,0.5737704918032787,BoulwareNegotiationParty@1,(Offer  bid:Bid[Food: Handmade Food, Drinks: Handmade Cocktails, Location: Your Dorm, Invitations: Custom, Printed, Music: MP3, Cleanup: Water and Soap])
35,3,0.5737704918032787,ConcederNegotiationParty@2,(Accept  bid:Bid[Food: Handmade Food, Drinks: Handmade Cocktails, Location: Your Dorm, Invitations: Custom, Printed, Music: MP3, Cleanup: Water and Soap])
36,1,0.5901639344262295,Agent10@0,(Offer  bid:Bid[Food: Chips and Nuts, Drinks: Handmade Cocktails, Location: Party Room, Invitations: Custom, Printed, Music: DJ, Cleanup: Specialized Materials])
36,2,0.5901639344262295,BoulwareNegotiationParty@1,(Offer  bid:Bid[Food: Handmade Food, Drinks: Handmade Cocktails, Location: Your Dorm, Invitations: Custom, Printed, Music: MP3, Cleanup: Water and Soap])
36,3,0.5901639344262295,ConcederNegotiationParty@2,(Accept  bid:Bid[Food: Handmade Food, Drinks: Handmade Cocktails, Location: Your Dorm, Invitations: Custom, Printed, Music: MP3, Cleanup: Water and Soap])
37,1,0.6065573770491803,Agent10@0,(Offer  bid:Bid[Food: Chips and Nuts, Drinks: Handmade Cocktails, Location: Party Room, Invitations: Custom, Printed, Music: DJ, Cleanup: Water and Soap])
37,2,0.6065573770491803,BoulwareNegotiationParty@1,(Offer  bid:Bid[Food: Handmade Food, Drinks: Handmade Cocktails, Location: Your Dorm, Invitations: Custom, Printed, Music: MP3, Cleanup: Water and Soap])
37,3,0.6065573770491803,ConcederNegotiationParty@2,(Accept  bid:Bid[Food: Handmade Food, Drinks: Handmade Cocktails, Location: Your Dorm, Invitations: Custom, Printed, Music: MP3, Cleanup: Water and Soap])
38,1,0.6229508196721312,Agent10@0,(Offer  bid:Bid[Food: Chips and Nuts, Drinks: Handmade Cocktails, Location: Ballroom, Invitations: Custom, Printed, Music: DJ, Cleanup: Specialized Materials])
38,2,0.6229508196721312,BoulwareNegotiationParty@1,(Offer  bid:Bid[Food: Handmade Food, Drinks: Handmade Cocktails, Location: Party Tent, Invitations: Plain, Music: MP3, Cleanup: Water and Soap])
38,3,0.6229508196721312,ConcederNegotiationParty@2,(Accept  bid:Bid[Food: Handmade Food, Drinks: Handmade Cocktails, Location: Party Tent, Invitations: Plain, Music: MP3, Cleanup: Water and Soap])
39,1,0.639344262295082,Agent10@0,(Offer  bid:Bid[Food: Chips and Nuts, Drinks: Handmade Cocktails, Location: Party Room, Invitations: Custom, Handmade, Music: DJ, Cleanup: Water and Soap])
39,2,0.639344262295082,BoulwareNegotiationParty@1,(Offer  bid:Bid[Food: Catering, Drinks: Handmade Cocktails, Location: Your Dorm, Invitations: Plain, Music: MP3, Cleanup: Water and Soap])
39,3,0.639344262295082,ConcederNegotiationParty@2,(Accept  bid:Bid[Food: Catering, Drinks: Handmade Cocktails, Location: Your Dorm, Invitations: Plain, Music: MP3, Cleanup: Water and Soap])
40,1,0.6557377049180327,Agent10@0,(Offer  bid:Bid[Food: Chips and Nuts, Drinks: Handmade Cocktails, Location: Party Room, Invitations: Custom, Handmade, Music: DJ, Cleanup: Water and Soap])
40,2,0.6557377049180327,BoulwareNegotiationParty@1,(Offer  bid:Bid[Food: Handmade Food, Drinks: Handmade Cocktails, Location: Party Room, Invitations: Custom, Printed, Music: MP3, Cleanup: Water and Soap])
40,3,0.6557377049180327,ConcederNegotiationParty@2,(Accept  bid:Bid[Food: Handmade Food, Drinks: Handmade Cocktails, Location: Party Room, Invitations: Custom, Printed, Music: MP3, Cleanup: Water and Soap])
41,1,0.6721311475409836,Agent10@0,(Offer  bid:Bid[Food: Finger-Food, Drinks: Handmade Cocktails, Location: Party Room, Invitations: Custom, Printed, Music: DJ, Cleanup: Specialized Materials])
41,2,0.6721311475409836,BoulwareNegotiationParty@1,(Offer  bid:Bid[Food: Handmade Food, Drinks: Handmade Cocktails, Location: Your Dorm, Invitations: Plain, Music: MP3, Cleanup: Special Equiment])
41,3,0.6721311475409836,ConcederNegotiationParty@2,(Accept  bid:Bid[Food: Handmade Food, Drinks: Handmade Cocktails, Location: Your Dorm, Invitations: Plain, Music: MP3, Cleanup: Special Equiment])
42,1,0.6885245901639344,Agent10@0,(Offer  bid:Bid[Food: Chips and Nuts, Drinks: Handmade Cocktails, Location: Party Room, Invitations: Custom, Handmade, Music: DJ, Cleanup: Water and Soap])
42,2,0.6885245901639344,BoulwareNegotiationParty@1,(Offer  bid:Bid[Food: Handmade Food, Drinks: Handmade Cocktails, Location: Ballroom, Invitations: Plain, Music: MP3, Cleanup: Water and Soap])
42,3,0.6885245901639344,ConcederNegotiationParty@2,(Accept  bid:Bid[Food: Handmade Food, Drinks: Handmade Cocktails, Location: Ballroom, Invitations: Plain, Music: MP3, Cleanup: Water and Soap])
43,1,0.7049180327868853,Agent10@0,(Offer  bid:Bid[Food: Chips and Nuts, Drinks: Handmade Cocktails, Location: Party Room, Invitations: Custom, Handmade, Music: DJ, Cleanup: Water and Soap])
43,2,0.7049180327868853,BoulwareNegotiationParty@1,(Offer  bid:Bid[Food: Handmade Food, Drinks: Non-Alcoholic, Location: Your Dorm, Invitations: Plain, Music: MP3, Cleanup: Water and Soap])
43,3,0.7049180327868853,ConcederNegotiationParty@2,(Accept  bid:Bid[Food: Handmade Food, Drinks: Non-Alcoholic, Location: Your Dorm, Invitations: Plain, Music: MP3, Cleanup: Water and Soap])
44,1,0.7213114754098361,Agent10@0,(Offer  bid:Bid[Food: Chips and Nuts, Drinks: Beer Only, Location: Party Room, Invitations: Custom, Handmade, Music: DJ, Cleanup: Specialized Materials])
44,2,0.7213114754098361,BoulwareNegotiationParty@1,(Offer  bid:Bid[Food: Handmade Food, Drinks: Beer Only, Location: Your Dorm, Invitations: Plain, Music: MP3, Cleanup: Water and Soap])
44,3,0.7213114754098361,ConcederNegotiationParty@2,(Accept  bid:Bid[Food: Handmade Food, Drinks: Beer Only, Location: Your Dorm, Invitations: Plain, Music: MP3, Cleanup: Water and Soap])
45,1,0.7377049180327869,Agent10@0,(Offer  bid:Bid[Food: Chips and Nuts, Drinks: Beer Only, Location: Party Room, Invitations: Custom, Printed, Music: DJ, Cleanup: Specialized Materials])
45,2,0.7377049180327869,BoulwareNegotiationParty@1,(Offer  bid:Bid[Food: Finger-Food, Drinks: Handmade Cocktails, Location: Party Room, Invitations: Plain, Music: MP3, Cleanup: Water and Soap])
45,3,0.7377049180327869,ConcederNegotiationParty@2,(Accept  bid:Bid[Food: Finger-Food, Drinks: Handmade Cocktails, Location: Party Room, Invitations: Plain, Music: MP3, Cleanup: Water and Soap])
46,1,0.7540983606557377,Agent10@0,(Offer  bid:Bid[Food: Chips and Nuts, Drinks: Handmade Cocktails, Location: Party Room, Invitations: Custom, Handmade, Music: DJ, Cleanup: Water and Soap])
46,2,0.7540983606557377,BoulwareNegotiationParty@1,(Offer  bid:Bid[Food: Handmade Food, Drinks: Beer Only, Location: Party Room, Invitations: Plain, Music: MP3, Cleanup: Water and Soap])
46,3,0.7540983606557377,ConcederNegotiationParty@2,(Accept  bid:Bid[Food: Handmade Food, Drinks: Beer Only, Location: Party Room, Invitations: Plain, Music: MP3, Cleanup: Water and Soap])
47,1,0.7704918032786885,Agent10@0,(Offer  bid:Bid[Food: Chips and Nuts, Drinks: Handmade Cocktails, Location: Party Room, Invitations: Custom, Printed, Music: DJ, Cleanup: Hired Help])
47,2,0.7704918032786885,BoulwareNegotiationParty@1,(Offer  bid:Bid[Food: Handmade Food, Drinks: Catering, Location: Party Room, Invitations: Plain, Music: MP3, Cleanup: Water and Soap])
47,3,0.7704918032786885,ConcederNegotiationParty@2,(Accept  bid:Bid[Food: Handmade Food, Drinks: Catering, Location: Party Room, Invitations: Plain, Music: MP3, Cleanup: Water and Soap])
48,1,0.7868852459016393,Agent10@0,(Offer  bid:Bid[Food: Chips and Nuts, Drinks: Beer Only, Location: Party Room, Invitations: Custom, Handmade, Music: DJ, Cleanup: Specialized Materials])
48,2,0.7868852459016393,BoulwareNegotiationParty@1,(Offer  bid:Bid[Food: Finger-Food, Drinks: Handmade Cocktails, Location: Your Dorm, Invitations: Plain, Music: MP3, Cleanup: Special Equiment])
48,3,0.7868852459016393,ConcederNegotiationParty@2,(Accept  bid:Bid[Food: Finger-Food, Drinks: Handmade Cocktails, Location: Your Dorm, Invitations: Plain, Music: MP3, Cleanup: Special Equiment])
49,1,0.8032786885245902,Agent10@0,(Accept  bid:Bid[Food: Finger-Food, Drinks: Handmade Cocktails, Location: Your Dorm, Invitations: Plain, Music: MP3, Cleanup: Special Equiment])
agreement,Bid[Food: Finger-Food, Drinks: Handmade Cocktails, Location: Your Dorm, Invitations: Plain, Music: MP3, Cleanup: Special Equiment],0.533197651276097,0.6280432217178195,0.8008877221242985
